{
  "project_info": {
    "project_number": "979857295732",
    "firebase_url": "https://hogwarts-a58ac.firebaseio.com",
    "project_id": "hogwarts-a58ac",
    "storage_bucket": "hogwarts-a58ac.appspot.com"
  },
  "client": [
    {
      "client_info": {
        "mobilesdk_app_id": "1:979857295732:android:c02dd3978efbaafefc4421",
        "android_client_info": {
          "package_name": "com.hamilton.hogwarts"
        }
      },
      "oauth_client": [
        {
          "client_id": "979857295732-eu30p4tgcuitv9c5vmqeudsvahdbridn.apps.googleusercontent.com",
          "client_type": 3
        }
      ],
      "api_key": [
        {
          "current_key": "AIzaSyD-te-aJej8kgwdqk2VMihvSAhRiU6PkoI"
        }
      ],
      "services": {
        "appinvite_service": {
          "other_platform_oauth_client": [
            {
              "client_id": "979857295732-eu30p4tgcuitv9c5vmqeudsvahdbridn.apps.googleusercontent.com",
              "client_type": 3
            }
          ]
        }
      }
    }
  ],
  "configuration_version": "1"
}